order_id,visit_id,employee_id,server_id,ordered_at
1,1,4,4,2025-04-28 19:22:00
2,1,4,4,2025-04-28 19:10:00
3,2,11,11,2025-04-21 23:15:00
4,3,23,23,2025-04-26 17:42:00
5,4,4,4,2025-04-11 22:51:00
6,5,11,11,2025-04-16 19:45:00
7,5,11,11,2025-04-16 19:55:00
8,6,5,5,2025-04-29 19:54:00
9,7,28,28,2025-04-19 22:45:00
10,8,16,16,2025-04-27 18:35:00
11,8,16,16,2025-04-27 18:36:00
12,9,17,17,2025-04-15 21:41:00
13,10,11,11,2025-04-10 19:28:00
14,11,23,23,2025-04-29 22:36:00
15,12,5,5,2025-04-16 21:43:00
16,13,5,5,2025-04-17 22:40:00
17,14,10,10,2025-04-25 22:06:00
18,15,23,23,2025-04-25 20:37:00
19,15,23,23,2025-04-25 20:44:00
20,16,4,4,2025-04-15 22:58:00
21,16,4,4,2025-04-15 23:00:00
22,17,29,29,2025-04-14 21:12:00
23,17,29,29,2025-04-14 20:47:00
24,18,28,28,2025-04-26 21:05:00
25,19,11,11,2025-04-17 22:31:00
26,20,11,11,2025-04-19 18:39:00
27,20,11,11,2025-04-19 18:38:00
28,21,29,29,2025-04-17 21:12:00
29,21,29,29,2025-04-17 21:06:00
30,22,11,11,2025-04-20 21:56:00
31,23,11,11,2025-04-10 21:38:00
32,24,17,17,2025-04-27 22:55:00
33,25,10,10,2025-04-23 20:09:00
34,26,22,22,2025-04-29 21:12:00
35,27,29,29,2025-04-23 19:23:00
36,28,5,5,2025-04-16 20:31:00
37,29,17,17,2025-04-25 18:03:00
38,30,16,16,2025-04-10 18:17:00
